SYMBOL,NAME OF COMPANY,SERIES,EXCHANGE,MTF_KOTAK,RESEARCH_KOTAK
20MICRONS,20 Microns Limited,EQ,NSE,0,3
21STCENMGM,21st Century Management Services Limited,EQ,NSE,3,1
360ONE,360 ONE WAM LIMITED,EQ,NSE,4,1
3BBLACKBIO,3B Blackbio Dx Limited,EQ,NSE,4,0
3IINFOLTD,3i Infotech Limited,EQ,NSE,0,1
3MINDIA,3M India Limited,EQ,NSE,3,2
3PLAND,3P Land Holdings Limited,EQ,NSE,0,3
5PAISA,5Paisa Capital Limited,EQ,NSE,0,2
63MOONS,63 moons technologies limited,EQ,NSE,1,3
A2ZINFRA,A2Z Infra Engineering Limited,EQ,NSE,0,3
AAATECH,AAA Technologies Limited,EQ,NSE,0,2
AADHARHFC,Aadhar Housing Finance Limited,EQ,NSE,1,2
AAKASH,Aakash Exploration Services Limited,EQ,NSE,0,3
AAREYDRUGS,Aarey Drugs & Pharmaceuticals Limited,BE,NSE,4,3
AARNAV,Aarnav Fashions Limited,EQ,NSE,2,1
AARON,Aaron Industries Limited,EQ,NSE,0,2
AARTECH,Aartech Solonics Limited,EQ,NSE,1,2
AARTIDRUGS,Aarti Drugs Limited,EQ,NSE,4,2
AARTIIND,Aarti Industries Limited,EQ,NSE,2,1
AARTIPHARM,Aarti Pharmalabs Limited,EQ,NSE,0,2
AARTISURF,Aarti Surfactants Limited,EQ,NSE,1,1
AARVI,Aarvi Encon Limited,EQ,NSE,1,0
AAVAS,Aavas Financiers Limited,EQ,NSE,3,0
ABAN,Aban Offshore Limited,BE,NSE,1,3
ABANSENT,Abans Enterprises Limited,BE,NSE,0,3
ABB,ABB India Limited,EQ,NSE,4,3
ABBOTINDIA,Abbott India Limited,EQ,NSE,2,2
ABCAPITAL,Aditya Birla Capital Limited,EQ,NSE,4,3
ABCOTS,A B Cotspin India Limited,EQ,NSE,3,0
ABDL,Allied Blenders and Distillers Limited,EQ,NSE,3,1
ABFRL,Aditya Birla Fashion and Retail Limited,EQ,NSE,0,3
ABINFRA,A B Infrabuild Limited,EQ,NSE,2,2
ABLBL,Aditya Birla Lifestyle Brands Limited,EQ,NSE,0,3
ABMINTLLTD,ABM International Limited,EQ,NSE,2,3
ABMKNO,ABM Knowledgeware Limited,EQ,NSE,3,1
ABREL,Aditya Birla Real Estate Limited,EQ,NSE,4,0
ABSLAMC,Aditya Birla Sun Life AMC Limited,EQ,NSE,4,2
ACC,ACC Limited,EQ,NSE,4,0
ACCELYA,Accelya Solutions India Limited,EQ,NSE,2,1
ACCURACY,Accuracy Shipping Limited,BE,NSE,4,1
ACE,Action Construction Equipment Limited,EQ,NSE,1,1
ACEINTEG,Ace Integrated Solutions Limited,EQ,NSE,1,1
ACI,Archean Chemical Industries Limited,EQ,NSE,3,3
ACL,Andhra Cements Limited,EQ,NSE,1,0
ACMESOLAR,Acme Solar Holdings Limited,EQ,NSE,0,0
ACSTECH,ACS Technologies Limited,EQ,NSE,1,3
ACUTAAS,Acutaas Chemicals Limited,EQ,NSE,1,0
ADANIENSOL,Adani Energy Solutions Limited,EQ,NSE,1,3
ADANIENT,Adani Enterprises Limited,EQ,NSE,3,2
ADANIGREEN,Adani Green Energy Limited,EQ,NSE,3,0
ADANIPORTS,Adani Ports and Special Economic Zone Limited,EQ,NSE,3,1
ADANIPOWER,Adani Power Limited,EQ,NSE,0,0
ADFFOODS,ADF Foods Limited,EQ,NSE,0,1
ADL,Archidply Decor Limited,EQ,NSE,1,2
ADOR,Ador Welding Limited,EQ,NSE,2,2
ADROITINFO,Adroit Infotech Limited,EQ,NSE,3,1
ADSL,Allied Digital Services Limited,EQ,NSE,0,1
ADVAIT,Advait Energy Transitions Limited,EQ,NSE,0,0
ADVANCE,Advance Agrolife Limited,EQ,NSE,0,0
ADVANIHOTR,Advani Hotels & Resorts (India) Limited,EQ,NSE,3,3
ADVENTHTL,Advent Hotels International Limited,EQ,NSE,1,2
ADVENZYMES,Advanced Enzyme Technologies Limited,EQ,NSE,3,0
AEGISLOG,Aegis Logistics Limited,EQ,NSE,1,1
AEGISVOPAK,Aegis Vopak Terminals Limited,EQ,NSE,0,3
AEPL,Artemis Electricals and Projects Limited,EQ,NSE,1,2
AEQUS,Aequs Limited,EQ,NSE,3,2
AEROENTER,Aeroflex Enterprises Limited,EQ,NSE,1,3
AEROFLEX,Aeroflex Industries Limited,EQ,NSE,2,3
AERONEU,Aeroflex Neu Limited,EQ,NSE,3,0
AETHER,Aether Industries Limited,EQ,NSE,3,3
AFCONS,Afcons Infrastructure Limited,EQ,NSE,4,2
AFFLE,Affle 3i Limited,EQ,NSE,1,1
AFFORDABLE,Affordable Robotic & Automation Limited,BE,NSE,4,0
AFIL,Akme Fintrade (India) Limited,BE,NSE,0,2
AFSL,Abans Financial Services Limited,EQ,NSE,4,3
AGARIND,Agarwal Industrial Corporation Limited,EQ,NSE,2,2
AGARWALEYE,Dr. Agarwal's Health Care Limited,EQ,NSE,4,3
AGI,AGI Greenpac Limited,EQ,NSE,4,3
AGIIL,Agi Infra Limited,EQ,NSE,0,3
AGL,Allcargo Global Limited,BE,NSE,2,3
AGRITECH,Agri-Tech (India) Limited,BE,NSE,4,1
AGROPHOS,Agro Phos India Limited,EQ,NSE,4,0
AHCL,Anlon Healthcare Limited,EQ,NSE,1,3
AHLADA,Ahlada Engineers Limited,EQ,NSE,3,3
AHLEAST,Asian Hotels (East) Limited,EQ,NSE,0,3
AHLUCONT,Ahluwalia Contracts (India) Limited,EQ,NSE,4,1
AHLWEST,Asian Hotels (West) Limited,BE,NSE,1,0
AIAENG,AIA Engineering Limited,EQ,NSE,2,0
AIIL,Authum Investment & Infrastructure Limited,EQ,NSE,1,0
AIRAN,Airan Limited,EQ,NSE,4,3
AIROLAM,Airo Lam limited,EQ,NSE,2,3
AJANTPHARM,Ajanta Pharma Limited,EQ,NSE,1,2
AJAXENGG,Ajax Engineering Limited,EQ,NSE,4,3
AJMERA,Ajmera Realty & Infra India Limited,EQ,NSE,4,0
AJOONI,Ajooni Biotech Limited,EQ,NSE,2,0
AKASH,Akash Infra-Projects Limited,EQ,NSE,0,3
AKCAPIT,AK Capital Services Limited,EQ,NSE,4,3
AKG,Akg Exim Limited,EQ,NSE,0,0
AKI,AKI India Limited,EQ,NSE,0,2
AKSHAR,Akshar Spintex Limited,EQ,NSE,2,1
AKSHARCHEM,AksharChem India Limited,BE,NSE,0,2
AKSHOPTFBR,Aksh Optifibre Limited,BE,NSE,2,2
AKUMS,Akums Drugs and Pharmaceuticals Limited,EQ,NSE,4,1
ALANKIT,Alankit Limited,EQ,NSE,1,0
ALBERTDAVD,Albert David Limited,EQ,NSE,4,0
ALEMBICLTD,Alembic Limited,EQ,NSE,2,1
ALGOQUANT,Algoquant Fintech Limited,EQ,NSE,2,0
ALICON,Alicon Castalloy Limited,EQ,NSE,0,1
ALIVUS,Alivus Life Sciences Limited,EQ,NSE,0,2
ALKALI,Alkali Metals Limited,BE,NSE,2,0
ALKEM,Alkem Laboratories Limited,EQ,NSE,0,0
ALKYLAMINE,Alkyl Amines Chemicals Limited,EQ,NSE,1,0
ALLCARGO,Allcargo Logistics Limited,EQ,NSE,3,0
ALLDIGI,Alldigi Tech Limited,EQ,NSE,4,3
ALLTIME,All Time Plastics Limited,EQ,NSE,1,2
ALMONDZ,Almondz Global Securities Limited,EQ,NSE,4,1
ALOKINDS,Alok Industries Limited,EQ,NSE,0,3
ALPA,Alpa Laboratories Limited,EQ,NSE,3,3
ALPHAGEO,Alphageo (India) Limited,EQ,NSE,3,2
AMAGI,Amagi Media Labs Limited,EQ,NSE,2,3
AMANTA,Amanta Healthcare Limited,BE,NSE,3,0
AMBALALSA,Ambalal Sarabhai Enterprises Limited,EQ,NSE,3,2
AMBER,Amber Enterprises India Limited,EQ,NSE,3,2
AMBICAAGAR,Ambica Agarbathies & Aroma industries Limited,EQ,NSE,0,3
AMBIKCO,Ambika Cotton Mills Limited,EQ,NSE,0,0
AMBUJACEM,Ambuja Cements Limited,EQ,NSE,2,0
AMDIND,AMD Industries Limited,EQ,NSE,1,0
AMIRCHAND,Amir Chand Jagdish Kumar (Exports) Limited,EQ,NSE,4,0
AMJLAND,Amj Land Holdings Limited,EQ,NSE,1,1
AMNPLST,Amines & Plasticizers Limited,EQ,NSE,3,2
AMRUTANJAN,Amrutanjan Health Care Limited,EQ,NSE,2,1
ANANDRATHI,Anand Rathi Wealth Limited,EQ,NSE,0,2
ANANTRAJ,Anant Raj Limited,EQ,NSE,0,3
ANDHRAPAP,ANDHRA PAPER LIMITED,EQ,NSE,2,3
ANDHRSUGAR,The Andhra Sugars Limited,EQ,NSE,0,3
ANGELONE,Angel One Limited,EQ,NSE,1,1
ANIKINDS,Anik Industries Limited,BE,NSE,4,3
ANKITMETAL,Ankit Metal & Power Limited,BZ,NSE,3,1
ANMOL,Anmol India Limited,EQ,NSE,2,1
ANSALAPI,Ansal Properties & Infrastructure Limited,BZ,NSE,2,2
ANTELOPUS,Antelopus Selan Energy Limited,EQ,NSE,3,3
ANTGRAPHIC,Antarctica Limited,EQ,NSE,0,0
ANTHEM,Anthem Biosciences Limited,EQ,NSE,2,3
ANUHPHR,Anuh Pharma Limited,EQ,NSE,2,1
ANUP,The Anup Engineering Limited,EQ,NSE,3,0
ANURAS,Anupam Rasayan India Limited,EQ,NSE,4,2
APARINDS,Apar Industries Limited,EQ,NSE,3,2
APCL,Anjani Portland Cement Limited,EQ,NSE,0,0
APCOTEXIND,Apcotex Industries Limited,EQ,NSE,0,2
APEX,Apex Frozen Foods Limited,EQ,NSE,0,1
APLAPOLLO,APL Apollo Tubes Limited,EQ,NSE,0,1
APLLTD,Alembic Pharmaceuticals Limited,EQ,NSE,2,2
APOLLO,Apollo Micro Systems Limited,EQ,NSE,0,3
APOLLOHOSP,Apollo Hospitals Enterprise Limited,EQ,NSE,1,1
APOLLOPIPE,Apollo Pipes Limited,EQ,NSE,3,1
APOLLOTYRE,Apollo Tyres Limited,EQ,NSE,1,0
APOLSINHOT,Apollo Sindoori Hotels Limited,EQ,NSE,0,0
APTECHT,Aptech Limited,BE,NSE,1,2
APTUS,Aptus Value Housing Finance India Limited,EQ,NSE,3,3
AQYLON,Aqylon Nexus Limited,EQ,NSE,2,0
ARCHIDPLY,Archidply Industries Limited,EQ,NSE,4,3
ARCHIES,Archies Limited,EQ,NSE,2,3
ARE&M,Amara Raja Energy & Mobility Limited,EQ,NSE,3,0
ARENTERP,Rajdarshan Industries Limited,EQ,NSE,1,3
ARFIN,Arfin India Limited,EQ,NSE,2,2
ARIES,Aries Agro Limited,EQ,NSE,4,2
ARIHANT,Arihant Foundations & Housing Limited,EQ,NSE,2,1
ARIHANTCAP,Arihant Capital Markets Limited,EQ,NSE,0,2
ARIHANTSUP,Arihant Superstructures Limited,EQ,NSE,2,3
ARIS,Arisinfra Solutions Limited,EQ,NSE,2,2
ARKADE,Arkade Developers Limited,EQ,NSE,2,2
ARMANFIN,Arman Financial Services Limited,EQ,NSE,0,3
AROGRANITE,Aro Granite Industries Limited,EQ,NSE,4,0
ARROWGREEN,Arrow Greentech Limited,BE,NSE,2,0
ARSHIYA,Arshiya Limited,BZ,NSE,3,1
ARSSBL,Anand Rathi Share and Stock Brokers Limited,EQ,NSE,3,1
ARTEMISMED,Artemis Medicare Services Limited,EQ,NSE,0,1
ARTNIRMAN,Art Nirman Limited,EQ,NSE,0,2
ARVEE,Arvee Laboratories (India) Limited,EQ,NSE,3,0
ARVIND,Arvind Limited,EQ,NSE,1,1
ARVINDFASN,Arvind Fashions Limited,EQ,NSE,0,3
ARVSMART,Arvind SmartSpaces Limited,EQ,NSE,0,1
ASAHIINDIA,Asahi India Glass Limited,EQ,NSE,3,1
ASAHISONG,Asahi Songwon Colors Limited,EQ,NSE,1,3
ASAL,Automotive Stampings and Assemblies Limited,EQ,NSE,1,3
ASALCBR,Associated Alcohols & Breweries Ltd.,EQ,NSE,2,1
ASHAPURMIN,Ashapura Minechem Limited,EQ,NSE,1,0
ASHIANA,Ashiana Housing Limited,EQ,NSE,1,0
ASHIKA,Ashika Credit Capital Limited,EQ,NSE,4,1
ASHIMASYN,Ashima Limited,EQ,NSE,1,2
ASHOKA,Ashoka Buildcon Limited,EQ,NSE,0,3
ASHOKAMET,Ashoka Metcast Limited,EQ,NSE,1,0
ASHOKLEY,Ashok Leyland Limited,EQ,NSE,0,0
ASIANENE,Asian Energy Services Limited,EQ,NSE,4,0
ASIANHOTNR,Asian Hotels (North) Limited,EQ,NSE,3,2
ASIANPAINT,Asian Paints Limited,EQ,NSE,4,1
ASIANTILES,Asian Granito India Limited,EQ,NSE,3,0
ASKAUTOLTD,ASK Automotive Limited,EQ,NSE,2,3
ASMS,Avio Smart Market Stack Limited,BE,NSE,4,2
ASPINWALL,Aspinwall and Company Limited,EQ,NSE,2,1
ASTAR,Asian Star Company Limited,EQ,NSE,0,2
ASTEC,Astec LifeSciences Limited,EQ,NSE,4,3
ASTERDM,Aster DM Healthcare Limited,EQ,NSE,1,3
ASTRAL,Astral Limited,EQ,NSE,2,2
ASTRAMICRO,Astra Microwave Products Limited,EQ,NSE,4,2
ASTRAZEN,AstraZeneca Pharma India Limited,EQ,NSE,1,1
ASTRON,Astron Paper & Board Mill Limited,BE,NSE,4,1
ATALREAL,Atal Realtech Limited,EQ,NSE,4,3
ATAM,Atam Valves Limited,EQ,NSE,0,3
ATGL,Adani Total Gas Limited,EQ,NSE,4,2
ATHERENERG,Ather Energy Limited,EQ,NSE,0,3
ATL,Allcargo Terminals Limited,EQ,NSE,2,2
ATLANTAA,ATLANTAA LIMITED,EQ,NSE,4,3
ATLANTAELE,Atlanta Electricals Limited,EQ,NSE,0,1
ATLASCYCLE,Atlas Cycles (Haryana) Limited,EQ,NSE,3,3
ATUL,Atul Limited,EQ,NSE,3,3
ATULAUTO,Atul Auto Limited,EQ,NSE,2,0
AUBANK,AU Small Finance Bank Limited,EQ,NSE,1,2
AURIGROW,Auri Grow India Limited,EQ,NSE,1,2
AURIONPRO,Aurionpro Solutions Limited,EQ,NSE,1,0
AUROPHARMA,Aurobindo Pharma Limited,EQ,NSE,3,3
AURUM,Aurum PropTech Limited,EQ,NSE,4,2
AUSOMENT,Ausom Enterprise Limited,BE,NSE,1,1
AUTOAXLES,Automotive Axles Limited,EQ,NSE,1,3
AUTOIND,Autoline Industries Limited,BE,NSE,4,0
AVADHSUGAR,Avadh Sugar & Energy Limited,BE,NSE,2,0
AVALON,Avalon Technologies Limited,EQ,NSE,3,0
AVANTEL,Avantel Limited,EQ,NSE,3,3
AVANTIFEED,Avanti Feeds Limited,EQ,NSE,0,3
AVG,AVG Logistics Limited,EQ,NSE,3,1
AVL,Aditya Vision Limited,EQ,NSE,2,1
AVONMORE,Avonmore Capital & Management Services Limited,EQ,NSE,0,1
AVROIND,AVRO INDIA LIMITED,EQ,NSE,2,1
AVTNPL,AVT Natural Products Limited,EQ,NSE,3,2
AWFIS,Awfis Space Solutions Limited,EQ,NSE,1,1
AWHCL,Antony Waste Handling Cell Limited,EQ,NSE,1,2
AWL,AWL Agri Business Limited,EQ,NSE,0,0
AXISBANK,Axis Bank Limited,EQ,NSE,2,1
AXISCADES,AXISCADES Technologies Limited,EQ,NSE,1,1
AXITA,Axita Cotton Limited,EQ,NSE,4,3
AYE,Aye Finance Limited,EQ,NSE,2,1
AYMSYNTEX,AYM Syntex Limited,EQ,NSE,4,2
AZAD,Azad Engineering Limited,EQ,NSE,3,2
BAFNAPH,Bafna Pharmaceuticals Limited,BE,NSE,0,0
BAGFILMS,B.A.G Films and Media Limited,EQ,NSE,3,3
BAIDFIN,Baid Finserv Limited,EQ,NSE,2,2
BAJAJ-AUTO,Bajaj Auto Limited,EQ,NSE,1,0
BAJAJCON,Bajaj Consumer Care Limited,EQ,NSE,1,2
BAJAJELEC,Bajaj Electricals Limited,EQ,NSE,0,2
BAJAJFINSV,Bajaj Finserv Limited,EQ,NSE,0,0
BAJAJHCARE,Bajaj Healthcare Limited,EQ,NSE,0,3
BAJAJHFL,Bajaj Housing Finance Limited,EQ,NSE,2,1
BAJAJHIND,Bajaj Hindusthan Sugar Limited,EQ,NSE,2,0
BAJAJHLDNG,Bajaj Holdings & Investment Limited,EQ,NSE,4,1
BAJAJINDEF,Indef Manufacturing Limited,EQ,NSE,1,3
BAJAJST,Bajaj Steel Industries Limited,EQ,NSE,0,1
BAJEL,Bajel Projects Limited,EQ,NSE,1,3
BAJFINANCE,Bajaj Finance Limited,EQ,NSE,3,3
BALAJEE,Shree Tirupati Balajee Agro Trading Company Limited,EQ,NSE,4,0
BALAJITELE,Balaji Telefilms Limited,EQ,NSE,1,1
BALAMINES,Balaji Amines Limited,EQ,NSE,4,0
BALAXI,BALAXI PHARMACEUTICALS LIMITED,BE,NSE,2,1
BALKRISHNA,Balkrishna Paper Mills Limited,EQ,NSE,1,1
BALKRISIND,Balkrishna Industries Limited,EQ,NSE,4,3
BALMLAWRIE,Balmer Lawrie & Company Limited,EQ,NSE,4,2
BALPHARMA,Bal Pharma Limited,EQ,NSE,1,3
BALRAMCHIN,Balrampur Chini Mills Limited,EQ,NSE,3,2
BALUFORGE,Balu Forge Industries Limited,EQ,NSE,3,3
BANARBEADS,Banaras Beads Limited,EQ,NSE,0,3
BANARISUG,Bannari Amman Sugars Limited,EQ,NSE,3,0
BANCOINDIA,Banco Products (I) Limited,EQ,NSE,2,1
BANDHANBNK,Bandhan Bank Limited,EQ,NSE,2,2
BANG,Bang Overseas Limited,EQ,NSE,4,2
BANKA,Banka BioLoo Limited,BE,NSE,4,1
BANKBARODA,Bank of Baroda,EQ,NSE,0,1
BANKINDIA,Bank of India,EQ,NSE,1,3
BANSALWIRE,Bansal Wire Industries Limited,EQ,NSE,4,1
BANSWRAS,Banswara Syntex Limited,EQ,NSE,0,2
BASF,BASF India Limited,EQ,NSE,1,1
BASML,Bannari Amman Spinning Mills Limited,BE,NSE,2,2
BATAINDIA,Bata India Limited,EQ,NSE,0,0
BATLIBOI,Batliboi Limited,EQ,NSE,3,0
BAYERCROP,Bayer Cropscience Limited,EQ,NSE,0,1
BBL,Bharat Bijlee Limited,EQ,NSE,3,2
BBOX,Black Box Limited,EQ,NSE,0,1
BBTC,The Bombay Burmah Trading Corporation Limited,EQ,NSE,3,3
BBTCL,B&B Triplewall Containers Limited,EQ,NSE,2,1
BCG,Brightcom Group Limited,EQ,NSE,4,2
BCLIND,Bcl Industries Limited,EQ,NSE,4,3
BCONCEPTS,Brand Concepts Limited,EQ,NSE,3,2
BCPL,BCPL Railway Infrastructure Limited,EQ,NSE,3,1
BDL,Bharat Dynamics Limited,EQ,NSE,0,2
BEARDSELL,Beardsell Limited,EQ,NSE,3,1
BECTORFOOD,Mrs. Bectors Food Specialities Limited,EQ,NSE,1,1
BEDMUTHA,Bedmutha Industries Limited,EQ,NSE,3,2
BEEKAY,Beekay Steel Industries Limited,EQ,NSE,1,2
BEL,Bharat Electronics Limited,EQ,NSE,2,2
BELLACASA,Bella Casa Fashion & Retail Limited,EQ,NSE,0,3
BELRISE,Belrise Industries Limited,EQ,NSE,4,1
BEML,BEML Limited,EQ,NSE,4,3
BENGALASM,Bengal & Assam Company Limited,EQ,NSE,2,3
BEPL,Bhansali Engineering Polymers Limited,EQ,NSE,4,1
BERGEPAINT,Berger Paints (I) Limited,EQ,NSE,1,1
BESTAGRO,Best Agrolife Limited,EQ,NSE,4,3
BETA,Beta Drugs Limited,EQ,NSE,4,1
BFINVEST,BF Investment Limited,EQ,NSE,4,1
BFUTILITIE,BF Utilities Limited,EQ,NSE,1,0
BGRENERGY,BGR Energy Systems Limited,BE,NSE,0,0
BHAGCHEM,Bhagiradha Chemicals & Industries Limited,EQ,NSE,4,2
BHAGERIA,Bhageria Industries Limited,BE,NSE,1,1
BHAGYANGR,Bhagyanagar India Limited,BE,NSE,4,0
BHANDARI,Bhandari Hosiery Exports Limited,BE,NSE,1,1
BHARATCOAL,Bharat Coking Coal Limited,EQ,NSE,1,1
BHARATFORG,Bharat Forge Limited,EQ,NSE,1,1
BHARATGEAR,Bharat Gears Limited,EQ,NSE,3,0
BHARATRAS,Bharat Rasayan Limited,EQ,NSE,2,3
BHARATSE,Bharat Seats Limited,EQ,NSE,1,1
BHARATWIRE,Bharat Wire Ropes Limited,EQ,NSE,1,3
BHARTIARTL,Bharti Airtel Limited,EQ,NSE,0,2
BHARTIHEXA,Bharti Hexacom Limited,EQ,NSE,0,1
BHEL,Bharat Heavy Electricals Limited,EQ,NSE,3,2
BI,Bilcare Limited,EQ,NSE,1,2
BIGBLOC,Bigbloc Construction Limited,EQ,NSE,0,2
BIKAJI,Bikaji Foods International Limited,EQ,NSE,3,3
BIL,Bhartiya International Limited,EQ,NSE,3,1
BILVYAPAR,BIL VYAPAR LIMITED,BE,NSE,1,1
BIMETAL,Bimetal Bearings Limited,EQ,NSE,1,0
BIOCON,Biocon Limited,EQ,NSE,4,1
BIOFILCHEM,Biofil Chemicals & Pharmaceuticals Limited,EQ,NSE,2,1
BIRLACABLE,Birla Cable Limited,BE,NSE,4,2
BIRLACORPN,Birla Corporation Limited,EQ,NSE,3,0
BIRLAMONEY,Aditya Birla Money Limited,EQ,NSE,2,1
BIRLANU,BirlaNu Limited,EQ,NSE,4,2
BIRLAPREC,Birla Precision Technologies Limited,EQ,NSE,2,3
BLACKBUCK,BLACKBUCK LIMITED,EQ,NSE,4,3
BLACKROSE,Black Rose Inds. Limited,BE,NSE,3,3
BLAL,BEML Land Assets Limited,EQ,NSE,4,3
BLBLIMITED,BLB Limited,EQ,NSE,4,3
BLIL,Balmer Lawrie Investments Limited,EQ,NSE,0,1
BLISSGVS,Bliss GVS Pharma Limited,BE,NSE,1,0
BLKASHYAP,B. L. Kashyap and Sons Limited,EQ,NSE,1,0
BLS,BLS International Services Limited,EQ,NSE,2,2
BLSE,BLS E-Services Limited,EQ,NSE,3,0
BLUECOAST,Blue Coast Hotels Limited,BE,NSE,3,1
BLUEDART,Blue Dart Express Limited,EQ,NSE,4,0
BLUEJET,Blue Jet Healthcare Limited,EQ,NSE,3,3
BLUESTARCO,Blue Star Limited,EQ,NSE,4,0
BLUESTONE,BlueStone Jewellery and Lifestyle Limited,EQ,NSE,3,3
BLUSPRING,Bluspring Enterprises Limited,EQ,NSE,1,3
BMWVENTLTD,BMW Ventures Limited,EQ,NSE,4,0
BNAGROCHEM,BN Agrochem Limited,BE,NSE,2,1
BNALTD,B & A Limited,EQ,NSE,3,2
BODALCHEM,Bodal Chemicals Limited,BE,NSE,1,1
BOHRAIND,Bohra Industries Limited,EQ,NSE,2,2
BOMDYEING,Bombay Dyeing & Mfg Company Limited,EQ,NSE,3,0
BONLON,Bonlon Industries Limited,EQ,NSE,4,1
BORANA,Borana Weaves Limited,EQ,NSE,4,1
BOROLTD,Borosil Limited,EQ,NSE,3,2
BORORENEW,BOROSIL RENEWABLES LIMITED,EQ,NSE,3,2
BOROSCI,Borosil Scientific Limited,EQ,NSE,0,2
BOSCH-HCIL,BOSCH HOME COMFORT INDIA LIMITED,EQ,NSE,2,2
BOSCHLTD,Bosch Limited,EQ,NSE,3,0
BPCL,Bharat Petroleum Corporation Limited,EQ,NSE,4,1
BPL,BPL Limited,EQ,NSE,3,2
BRIGADE,Brigade Enterprises Limited,EQ,NSE,1,0
BRIGHOTEL,Brigade Hotel Ventures Limited,EQ,NSE,0,1
BRITANNIA,Britannia Industries Limited,EQ,NSE,2,2
BRNL,Bharat Road Network Limited,EQ,NSE,1,2
BROOKS,Brooks Laboratories Limited,BE,NSE,0,1
BSE,BSE Limited,EQ,NSE,4,2
BSHSL,Bombay Super Hybrid Seeds Limited,BE,NSE,2,3
BSL,BSL Limited,EQ,NSE,2,0
BSOFT,BIRLASOFT LIMITED,EQ,NSE,3,0
BTML,Bodhi Tree Multimedia Limited,EQ,NSE,3,2
BTTL,Bhilwara Technical Textiles Limited,EQ,NSE,3,2
BUILDPRO,Shankara Buildpro Limited,EQ,NSE,3,2
BUTTERFLY,Butterfly Gandhimathi Appliances Limited,EQ,NSE,4,3
BVCL,Barak Valley Cements Limited,EQ,NSE,4,0
BYKE,The Byke Hospitality Ltd,BE,NSE,3,0
CALSOFT,California Software Company Limited,BE,NSE,2,1
CAMLINFINE,Camlin Fine Sciences Limited,EQ,NSE,4,0
CAMPUS,Campus Activewear Limited,EQ,NSE,3,3
CAMS,Computer Age Management Services Limited,EQ,NSE,3,3
CANBK,Canara Bank,EQ,NSE,0,0
CANFINHOME,Can Fin Homes Limited,EQ,NSE,1,3
CANHLIFE,Canara HSBC Life Insurance Company Limited,EQ,NSE,0,2
CANTABIL,Cantabil Retail India Limited,EQ,NSE,2,0
CAPACITE,Capacit'e Infraprojects Limited,EQ,NSE,0,0
CAPILLARY,Capillary Technologies India Limited,EQ,NSE,2,0
CAPITALSFB,Capital Small Finance Bank Limited,EQ,NSE,0,3
CAPLIPOINT,Caplin Point Laboratories Limited,EQ,NSE,2,0
CAPTRUST,Capital Trust Limited,BE,NSE,2,1
CARBORUNIV,Carborundum Universal Limited,EQ,NSE,1,1
CARERATING,CARE Ratings Limited,EQ,NSE,1,2
CARRARO,Carraro India Limited,EQ,NSE,4,1
CARTRADE,Cartrade Tech Limited,EQ,NSE,4,2
CARYSIL,CARYSIL LIMITED,EQ,NSE,1,1
CASTROLIND,Castrol India Limited,EQ,NSE,3,0
CCAVENUE,AvenuesAI Limited,EQ,NSE,0,1
CCCL,Consolidated Construction Consortium Limited,EQ,NSE,2,2
CCHHL,Country Club Hospitality & Holidays Limited,EQ,NSE,2,3
CCL,CCL Products (India) Limited,EQ,NSE,3,2
CDSL,Central Depository Services (India) Limited,EQ,NSE,4,3
CEATLTD,CEAT Limited,EQ,NSE,2,2
CEIGALL,Ceigall India Limited,EQ,NSE,1,2
CEINSYS,Ceinsys Tech Limited,EQ,NSE,1,3
CELEBRITY,Celebrity Fashions Limited,EQ,NSE,3,1
CELLO,Cello World Limited,EQ,NSE,2,3
CEMPRO,Cemindia Projects Limited,EQ,NSE,0,0
CENTENKA,Century Enka Limited,EQ,NSE,0,2
CENTEXT,Century Extrusions Limited,EQ,NSE,3,2
CENTRALBK,Central Bank of India,EQ,NSE,4,3
CENTRUM,Centrum Capital Limited,EQ,NSE,2,0
CENTUM,Centum Electronics Limited,EQ,NSE,4,1
CENTURYPLY,Century Plyboards (India) Limited,EQ,NSE,3,2
CERA,Cera Sanitaryware Limited,EQ,NSE,0,0
CEREBRAINT,Cerebra Integrated Technologies Limited,BZ,NSE,4,3
CESC,CESC Limited,EQ,NSE,4,1
CEWATER,Concord Enviro Systems Limited,EQ,NSE,2,1
CGCL,Capri Global Capital Limited,EQ,NSE,2,2
CGPOWER,CG Power and Industrial Solutions Limited,EQ,NSE,1,1
CHALET,Chalet Hotels Limited,EQ,NSE,2,1
CHAMBLFERT,Chambal Fertilizers & Chemicals Limited,EQ,NSE,0,3
CHEMBOND,Chembond Material Technologies Limited,BE,NSE,0,2
CHEMBONDCH,Chembond Chemicals Limited,BE,NSE,3,0
CHEMCON,Chemcon Speciality Chemicals Limited,BE,NSE,0,3
CHEMFAB,Chemfab Alkalis Limited,BE,NSE,4,2
CHEMPLASTS,Chemplast Sanmar Limited,EQ,NSE,0,1
CHENNPETRO,Chennai Petroleum Corporation Limited,EQ,NSE,1,0
CHEVIOT,Cheviot Company Limited,EQ,NSE,1,0
CHOICEIN,Choice International Limited,EQ,NSE,2,1
CHOLAFIN,Cholamandalam Investment and Finance Company Limited,EQ,NSE,4,1
CHOLAHLDNG,Cholamandalam Financial Holdings Limited,EQ,NSE,0,3
CIEINDIA,CIE Automotive India Limited,EQ,NSE,3,3
CIFL,Capital India Finance Limited,EQ,NSE,0,0
CINELINE,Cineline India Limited,EQ,NSE,3,3
CINEVISTA,Cinevista Limited,EQ,NSE,1,1
CIPLA,Cipla Limited,EQ,NSE,2,2
CLEAN,Clean Science and Technology Limited,EQ,NSE,2,0
CLEANMAX,Clean Max Enviro Energy Solutions Limited,EQ,NSE,4,0
CLEDUCATE,CL Educate Limited,BE,NSE,4,0
CLSEL,Chaman Lal Setia Exports Limited,EQ,NSE,3,2
CMPDI,Central Mine Planning & Design Institute Limited,EQ,NSE,1,3
CMRGREEN,CMR Green Technologies Limited,EQ,NSE,4,1
CMSINFO,CMS Info Systems Limited,EQ,NSE,4,1
CNL,Creative Newtech Limited,EQ,NSE,0,0
COALINDIA,Coal India Limited,EQ,NSE,1,1
COASTCORP,Coastal Corporation Limited,EQ,NSE,2,0
COCHINSHIP,Cochin Shipyard Limited,EQ,NSE,1,0
COCKERILL,John Cockerill India Limited,EQ,NSE,4,1
COFFEEDAY,Coffee Day Enterprises Limited,BE,NSE,1,3
COFORGE,Coforge Limited,EQ,NSE,3,1
COHANCE,Cohance Lifesciences Limited,EQ,NSE,0,2
COLPAL,Colgate Palmolive (India) Limited,EQ,NSE,1,0
COMFINTE,Comfort Intech Limited,EQ,NSE,2,2
COMPINFO,Compuage Infocom Limited,BZ,NSE,4,3
COMPUSOFT,Compucom Software Limited,EQ,NSE,1,2
COMSYN,Commercial Syn Bags Limited,EQ,NSE,4,3
CONCOR,Container Corporation of India Limited,EQ,NSE,2,3
CONCORDBIO,Concord Biotech Limited,EQ,NSE,3,3
CONFIPET,Confidence Petroleum India Limited,EQ,NSE,4,3
CONSOFINVT,Consolidated Finvest & Holdings Limited,EQ,NSE,3,1
CONTROLPR,Control Print Limited,EQ,NSE,2,1
CORALFINAC,Coral India Finance & Housing Limited,EQ,NSE,3,2
CORDELIA,Waterways Leisure Tourism Limited,EQ,NSE,3,0
CORDSCABLE,Cords Cable Industries Limited,BE,NSE,1,0
COROMANDEL,Coromandel International Limited,EQ,NSE,0,1
CORONA,CORONA Remedies Limited,EQ,NSE,2,2
COSMOFIRST,COSMO FIRST LIMITED,EQ,NSE,0,0
COUNCODOS,Country Condo's Limited,EQ,NSE,3,3
CPCAP,CP Capital Limited,BE,NSE,4,1
CPEDU,Career Point Edutech Limited,EQ,NSE,1,0
CPPLUS,Aditya Infotech Limited,EQ,NSE,3,3
CRAFTSMAN,Craftsman Automation Limited,EQ,NSE,0,3
CRAMC,Canara Robeco Asset Management Company Limited,EQ,NSE,0,1
CREATIVEYE,Creative Eye Limited,EQ,NSE,4,0
CREDITACC,CREDITACCESS GRAMEEN LIMITED,EQ,NSE,3,0
CREST,Crest Ventures Limited,EQ,NSE,1,1
CRISIL,Crisil Limited,EQ,NSE,2,1
CRIZAC,Crizac Limited,EQ,NSE,3,1
CROMPTON,Crompton Greaves Consumer Electricals Limited,EQ,NSE,0,1
CROWN,Crown Lifters Limited,EQ,NSE,3,0
CSBBANK,CSB Bank Limited,EQ,NSE,2,2
CSLFINANCE,CSL Finance Limited,EQ,NSE,4,2
CSM,CSM Technologies Limited,BE,NSE,0,0
CTE,Cambridge Technology Enterprises Limited,EQ,NSE,3,3
CUB,City Union Bank Limited,EQ,NSE,1,2
CUBEXTUB,Cubex Tubings Limited,EQ,NSE,4,2
CUMMINSIND,Cummins India Limited,EQ,NSE,4,2
CUPID,Cupid Limited,EQ,NSE,3,0
CURAA,Cura Technologies Limited,EQ,NSE,3,0
CYBERMEDIA,Cyber Media (India) Limited,BE,NSE,0,1
CYBERTECH,Cybertech Systems And Software Limited,BE,NSE,1,2
CYIENT,Cyient Limited,EQ,NSE,0,3
CYIENTDLM,Cyient DLM Limited,EQ,NSE,0,2
DABUR,Dabur India Limited,EQ,NSE,4,3
DAICHI,Dai-Ichi Karkaria Limited,BE,NSE,3,2
DALBHARAT,Dalmia Bharat Limited,EQ,NSE,2,2
DALMIASUG,Dalmia Bharat Sugar and Industries Limited,EQ,NSE,1,3
DAMCAPITAL,Dam Capital Advisors Limited,EQ,NSE,0,0
DAMODARIND,Damodar Industries Limited,EQ,NSE,0,0
DANGEE,Dangee Dums Limited,EQ,NSE,3,2
DATAMATICS,Datamatics Global Services Limited,EQ,NSE,1,3
DATAPATTNS,Data Patterns (India) Limited,EQ,NSE,0,0
DAVANGERE,Davangere Sugar Company Limited,EQ,NSE,2,3
DBCORP,D.B.Corp Limited,EQ,NSE,3,0
DBEIL,Deepak Builders & Engineers India Limited,BE,NSE,2,3
DBL,Dilip Buildcon Limited,EQ,NSE,3,3
DBOL,Dhampur Bio Organics Limited,BE,NSE,3,1
DBREALTY,Valor Estate Limited,BE,NSE,1,0
DBSTOCKBRO,DB (International) Stock Brokers Limited,EQ,NSE,1,2
DCAL,Dishman Carbogen Amcis Limited,EQ,NSE,0,2
DCBBANK,DCB Bank Limited,EQ,NSE,3,0
DCI,Dc Infotech And Communication Limited,BE,NSE,1,1
DCM,DCM Limited,BE,NSE,0,1
DCMFINSERV,DCM Financial Services Limited,BE,NSE,2,2
DCMNVL,DCM Nouvelle Limited,BE,NSE,3,2
DCMSHRIRAM,DCM Shriram Limited,EQ,NSE,4,2
DCMSIL,DCM Shriram International Limited,BE,NSE,3,2
DCMSRIND,DCM Shriram Industries Limited,EQ,NSE,2,1
DCW,DCW Limited,EQ,NSE,1,0
DCXINDIA,DCX Systems Limited,EQ,NSE,4,3
DDEVPLSTIK,Ddev Plastiks Industries Limited,EQ,NSE,0,2
DECCANCE,Deccan Cements Limited,EQ,NSE,4,2
DECNGOLD,Deccan Gold Mines Limited,EQ,NSE,1,3
DEEDEV,DEE Development Engineers Limited,BE,NSE,4,2
DEEPAKFERT,Deepak Fertilizers and Petrochemicals Corporation Limited,EQ,NSE,2,2
DEEPAKNTR,Deepak Nitrite Limited,EQ,NSE,0,1
DEEPINDS,Deep Industries Limited,EQ,NSE,1,3
DELHIVERY,Delhivery Limited,EQ,NSE,3,2
DELPHIFX,DELPHI WORLD MONEY LIMITED,BE,NSE,3,1
DELTACORP,Delta Corp Limited,EQ,NSE,3,1
DELTAMAGNT,Delta Manufacturing Limited,EQ,NSE,2,3
DEN,Den Networks Limited,EQ,NSE,4,2
DENORA,De Nora India Limited,EQ,NSE,4,3
DENTA,Denta Water and Infra Solutions Limited,EQ,NSE,4,1
DEVIT,Dev Information Technology Limited,EQ,NSE,2,3
DEVX,Dev Accelerator Limited,EQ,NSE,1,0
DEVYANI,Devyani International Limited,EQ,NSE,0,1
DGCONTENT,Digicontent Limited,EQ,NSE,3,3
DHAMPURSUG,Dhampur Sugar Mills Limited,EQ,NSE,3,1
DHANBANK,Dhanlaxmi Bank Limited,EQ,NSE,4,0
DHANUKA,Dhanuka Agritech Limited,EQ,NSE,2,0
DHARAN,DHARAN INFRA-EPC LIMITED,BZ,NSE,4,2
DHARMAJ,Dharmaj Crop Guard Limited,EQ,NSE,0,2
DHRUV,Dhruv Consultancy Services Limited,BE,NSE,3,0
DHUNINV,Dhunseri Investments Limited,EQ,NSE,0,0
DIACABS,Diamond Power Infrastructure Limited,EQ,NSE,0,1
DIAMINESQ,Diamines & Chemicals Limited,EQ,NSE,3,1
DIAMONDYD,Prataap Snacks Limited,EQ,NSE,2,0
DICIND,DIC India Limited,EQ,NSE,0,2
DIFFNKG,Diffusion Engineers Limited,EQ,NSE,0,1
DIGIDRIVE,Digidrive Distributors Limited,EQ,NSE,2,0
DIGISPICE,DiGiSPICE Technologies Limited,BE,NSE,0,0
DIGITIDE,Digitide Solutions Limited,EQ,NSE,4,3
DIGJAMLMTD,Digjam Limited,EQ,NSE,2,2
DISAQ,Disa India Limited,EQ,NSE,4,0
DISHTV,Dish TV India Limited,BE,NSE,4,1
DIVGIITTS,Divgi Torqtransfer Systems Limited,EQ,NSE,2,1
DIVISLAB,Divi's Laboratories Limited,EQ,NSE,3,2
DIXON,Dixon Technologies (India) Limited,EQ,NSE,2,3
DJML,DJ Mediaprint & Logistics Limited,EQ,NSE,3,2
DLF,DLF Limited,EQ,NSE,0,2
DLINKINDIA,D-Link (India) Limited,EQ,NSE,4,3
DMART,Avenue Supermarts Limited,EQ,NSE,2,0
DMCC,DMCC SPECIALITY CHEMICALS LIMITED,EQ,NSE,4,0
DNAMEDIA,Diligent Media Corporation Limited,EQ,NSE,0,2
DODLA,Dodla Dairy Limited,EQ,NSE,3,0
DOLATALGO,Dolat Algotech Limited,EQ,NSE,2,0
DOLLAR,Dollar Industries Limited,EQ,NSE,2,1
DOLPHIN,Dolphin Offshore Enterprises (India) Limited,EQ,NSE,1,1
DOMS,DOMS Industries Limited,EQ,NSE,4,1
DONEAR,Donear Industries Limited,EQ,NSE,3,1
DPABHUSHAN,D. P. Abhushan Limited,EQ,NSE,1,0
DPSCLTD,DPSC Limited,BE,NSE,4,2
DPWIRES,D P Wires Limited,BE,NSE,2,1
DRAGARWQ,Dr Agarwals Eye Hospital Limited,EQ,NSE,0,2
DRCSYSTEMS,DRC Systems India Limited,EQ,NSE,0,1
DREAMFOLKS,Dreamfolks Services Limited,EQ,NSE,4,2
DREDGECORP,Dredging Corporation of India Limited,EQ,NSE,4,1
DRREDDY,Dr. Reddy's Laboratories Limited,EQ,NSE,0,2
DSFCL,DCM Shriram Fine Chemicals Limited,BE,NSE,1,2
DSSL,Dynacons Systems & Solutions Limited,EQ,NSE,1,1
DTIL,Dhunseri Tea & Industries Limited,EQ,NSE,4,0
DUCON,Ducon Infratechnologies Limited,BE,NSE,0,3
DVL,Dhunseri Ventures Limited,EQ,NSE,0,2
DWARKESH,Dwarikesh Sugar Industries Limited,EQ,NSE,4,0
DYCL,Dynamic Cables Limited,EQ,NSE,4,0
DYNAMATECH,Dynamatic Technologies Limited,EQ,NSE,0,0
DYNPRO,Dynemic Products Limited,EQ,NSE,0,1
E2E,E2E Networks Limited,EQ,NSE,1,2
EASEMYTRIP,Easy Trip Planners Limited,EQ,NSE,2,2
EASTSILK,Eastern Silk Industries Limited,BE,NSE,3,1
EBGNG,GNG Electronics Limited,EQ,NSE,0,2
ECLERX,eClerx Services Limited,EQ,NSE,4,2
ECOSMOBLTY,Ecos (India) Mobility & Hospitality Limited,BE,NSE,2,2
EDELWEISS,Edelweiss Financial Services Limited,EQ,NSE,1,1
EFCIL,EFC (I) Limited,EQ,NSE,1,3
EICHERMOT,Eicher Motors Limited,EQ,NSE,1,0
EIDPARRY,EID Parry India Limited,EQ,NSE,3,0
EIEL,Enviro Infra Engineers Limited,EQ,NSE,0,1
EIFFL,Euro India Fresh Foods Limited,BE,NSE,0,1
EIHAHOTELS,EIH Associated Hotels Limited,EQ,NSE,3,0
EIHOTEL,EIH Limited,EQ,NSE,4,1
EIMCOELECO,Eimco Elecon (India) Limited,EQ,NSE,1,2
EKC,Everest Kanto Cylinder Limited,EQ,NSE,2,2
ELANTAS,Elantas Beck India Limited,EQ,NSE,4,1
ELCIDIN,EL CID Investments Limited,EQ,NSE,4,2
ELDEHSG,Eldeco Housing And Industries Limited,EQ,NSE,0,2
ELECON,Elecon Engineering Company Limited,EQ,NSE,3,0
ELECTCAST,Electrosteel Castings Limited,EQ,NSE,4,0
ELECTHERM,Electrotherm (India) Limited,EQ,NSE,2,2
ELGIEQUIP,Elgi Equipments Limited,EQ,NSE,3,3
ELGIRUBCO,Elgi Rubber Company Limited,EQ,NSE,0,3
ELIN,Elin Electronics Limited,EQ,NSE,0,0
ELITECON,Elitecon International Limited,EQ,NSE,3,1
ELLEN,Ellenbarrie Industrial Gases Limited,EQ,NSE,2,1
ELPROINTL,Elpro International Limited,EQ,NSE,4,1
EMAMILTD,Emami Limited,EQ,NSE,3,3
EMAMIPAP,Emami Paper Mills Limited,EQ,NSE,1,2
EMAMIREAL,Emami Realty Limited,BE,NSE,1,1
EMBDL,Embassy Developments Limited,EQ,NSE,3,3
EMCURE,Emcure Pharmaceuticals Limited,EQ,NSE,4,1
EMIL,Electronics Mart India Limited,EQ,NSE,4,2
EMKAY,Emkay Global Financial Services Limited,EQ,NSE,1,3
EMMBI,Emmbi Industries Limited,BE,NSE,3,0
EMMVEE,Emmvee Photovoltaic Power Limited,EQ,NSE,1,1
EMPOWER,Empower India Limited,BE,NSE,1,2
EMSLIMITED,EMS Limited,EQ,NSE,3,0
EMUDHRA,eMudhra Limited,EQ,NSE,0,0
ENDURANCE,Endurance Technologies Limited,EQ,NSE,1,3
ENERGYDEV,Energy Development Company Limited,EQ,NSE,1,1
ENGINERSIN,Engineers India Limited,EQ,NSE,0,1
ENIL,Entertainment Network (India) Limited,EQ,NSE,1,2
ENRIN,Siemens Energy India Limited,EQ,NSE,4,2
ENTERO,Entero Healthcare Solutions Limited,EQ,NSE,3,2
EPACK,EPACK Durable Limited,EQ,NSE,2,0
EPACKPEB,EPack Prefab Technologies Limited,EQ,NSE,1,0
EPIGRAL,Epigral Limited,EQ,NSE,3,0
EPL,EPL Limited,EQ,NSE,1,2
EQUIPPP,Equippp Social Impact Technologies Limited,BE,NSE,0,3
EQUITASBNK,Equitas Small Finance Bank Limited,EQ,NSE,0,2
ERIS,Eris Lifesciences Limited,EQ,NSE,3,2
ESABINDIA,Esab India Limited,EQ,NSE,0,1
ESAFSFB,ESAF Small Finance Bank Limited,EQ,NSE,4,1
ESCORTS,Escorts Kubota Limited,EQ,NSE,0,0
ESSARSHPNG,Essar Shipping Limited,EQ,NSE,0,2
ESSENTIA,Integra Essentia Limited,BE,NSE,4,0
ESTER,Ester Industries Limited,EQ,NSE,2,2
ETERNAL,ETERNAL LIMITED,EQ,NSE,4,3
ETHOSLTD,Ethos Limited,EQ,NSE,4,2
EUREKAFORB,Eureka Forbes Limited,EQ,NSE,3,0
EUROBOND,Euro Panel Products Limited,EQ,NSE,2,1
EUROPRATIK,Euro Pratik Sales Limited,EQ,NSE,0,2
EUROTEXIND,Eurotex Industries and Exports Limited,BE,NSE,3,2
EVEREADY,Eveready Industries India Limited,EQ,NSE,1,2
EVERESTIND,Everest Industries Limited,BE,NSE,2,0
EXCELINDUS,Excel Industries Limited,EQ,NSE,4,3
EXCELSOFT,Excelsoft Technologies Limited,EQ,NSE,4,3
EXICOM,Exicom Tele-Systems Limited,EQ,NSE,0,2
EXIDEIND,Exide Industries Limited,EQ,NSE,0,2
EXPLEOSOL,Expleo Solutions Limited,EQ,NSE,2,1
EXXARO,Exxaro Tiles Limited,EQ,NSE,0,2
FABTECH,Fabtech Technologies Limited,EQ,NSE,1,2
FACT,Fertilizers and Chemicals Travancore Limited,EQ,NSE,1,3
FAIRCHEMOR,Fairchem Organics Limited,EQ,NSE,1,3
FAZE3Q,Faze Three Limited,EQ,NSE,3,1
FCL,Fineotex Chemical Limited,EQ,NSE,2,0
FCSSOFT,FCS Software Solutions Limited,BE,NSE,1,2
FDC,FDC Limited,EQ,NSE,0,0
FEDDERSHOL,Fedders Holding Limited,EQ,NSE,1,0
FEDERALBNK,The Federal Bank Limited,EQ,NSE,1,0
FEDFINA,Fedbank Financial Services Limited,EQ,NSE,1,2
FEL,Future Enterprises Limited,BZ,NSE,0,0
FELDVR,Future Enterprises Limited,BZ,NSE,3,1
FERMENTA,Fermenta Biotech Limited,EQ,NSE,0,2
FIBERWEB,Fiberweb (India) Limited,EQ,NSE,0,1
FIEMIND,Fiem Industries Limited,EQ,NSE,2,3
FILATEX,Filatex India Limited,EQ,NSE,1,3
FILATFASH,Filatex Fashions Limited,BE,NSE,2,3
FINCABLES,Finolex Cables Limited,EQ,NSE,1,0
FINEORG,Fine Organic Industries Limited,EQ,NSE,4,0
FINKURVE,Finkurve Financial Services Limited,EQ,NSE,0,0
FINOPB,Fino Payments Bank Limited,EQ,NSE,2,1
FINPIPE,Finolex Industries Limited,EQ,NSE,2,2
FIRSTCRY,Brainbees Solutions Limited,EQ,NSE,2,0
FISCHER,Fischer Medical Ventures Limited,EQ,NSE,2,0
FIVESTAR,Five-Star Business Finance Limited,EQ,NSE,2,2
FLAIR,Flair Writing Industries Limited,EQ,NSE,2,2
FLEXITUFF,Flexituff Ventures International Limited,BE,NSE,1,0
FLFL,Future Lifestyle Fashions Limited,BZ,NSE,1,3
FLUOROCHEM,Gujarat Fluorochemicals Limited,EQ,NSE,0,1
FMGOETZE,Federal-Mogul Goetze (India) Limited.,EQ,NSE,2,1
FMNL,Future Market Networks Limited,BE,NSE,0,3
FOCUS,Focus Lighting and Fixtures Limited,BE,NSE,3,0
FOODSIN,Foods & Inns Limited,EQ,NSE,2,2
FORCEMOT,FORCE MOTORS LTD,EQ,NSE,2,2
FORTIS,Fortis Healthcare Limited,EQ,NSE,1,0
FOSECOIND,Foseco India Limited,EQ,NSE,3,1
FRACTAL,Fractal Analytics Limited,EQ,NSE,4,2
FRONTSP,Frontier Springs Limited,EQ,NSE,0,1
FSL,Firstsource Solutions Limited,EQ,NSE,0,1
FUSION,Fusion Finance Limited,EQ,NSE,4,1
GABRIEL,Gabriel India Limited,EQ,NSE,4,1
GAEL,Gujarat Ambuja Exports Limited,EQ,NSE,2,3
GAIL,GAIL (India) Limited,EQ,NSE,3,2
GALAPREC,Gala Precision Engineering Limited,EQ,NSE,1,0
GALAXYSURF,Galaxy Surfactants Limited,EQ,NSE,2,0
GALLANTT,Gallantt Ispat Limited,EQ,NSE,4,2
GANDHAR,Gandhar Oil Refinery (India) Limited,EQ,NSE,1,1
GANDHITUBE,Gandhi Special Tubes Limited,EQ,NSE,1,2
GANECOS,Ganesha Ecosphere Limited,EQ,NSE,2,0
GANESHBE,Ganesh Benzoplast Limited,EQ,NSE,1,2
GANESHCP,Ganesh Consumer Products Limited,EQ,NSE,3,3
GANESHHOU,GANESH HOUSING LIMITED,EQ,NSE,1,1
GANGAFORGE,Ganga Forging Limited,EQ,NSE,0,0
GANGESSECU,Ganges Securities Limited,EQ,NSE,0,0
GARFIBRES,Garware Technical Fibres Limited,EQ,NSE,2,1
GARUDA,Garuda Construction and Engineering Limited,EQ,NSE,1,2
GATECH,GACM Technologies Limited,EQ,NSE,3,2
GATECHDVR,GACM Technologies Limited,EQ,NSE,3,3
GATEWAY,Gateway Distriparks Limited,EQ,NSE,0,0
GAUDIUMIVF,Gaudium IVF and Women Health Limited,BE,NSE,0,3
GAYAHWS,Gayatri Highways Limited,EQ,NSE,0,3
GAYAPROJ,Gayatri Projects Limited,BE,NSE,0,3
GCSL,Gretex Corporate Services Limited,EQ,NSE,2,2
GEECEE,GeeCee Ventures Limited,BE,NSE,3,1
GEEKAYWIRE,Geekay Wires Limited,EQ,NSE,1,1
GEMAROMA,Gem Aromatics Limited,EQ,NSE,2,0
GENCON,Generic Engineering Construction and Projects Limited,EQ,NSE,0,0
GENESYS,Genesys International Corporation Limited,EQ,NSE,0,2
GENUSPAPER,Genus Paper & Boards Limited,EQ,NSE,3,2
GENUSPOWER,Genus Power Infrastructures Limited,EQ,NSE,3,1
GEOJITFSL,Geojit Financial Services Limited,EQ,NSE,1,1
GESHIP,The Great Eastern Shipping Company Limited,EQ,NSE,2,0
GFLLIMITED,GFL Limited,EQ,NSE,4,1
GHCL,GHCL Limited,EQ,NSE,4,3
GHCLTEXTIL,GHCL Textiles Limited,EQ,NSE,0,3
GICHSGFIN,GIC Housing Finance Limited,EQ,NSE,2,2
GICL,Globe International Carriers Limited,EQ,NSE,1,1
GICRE,General Insurance Corporation of India,EQ,NSE,2,3
GILLANDERS,Gillanders Arbuthnot & Company Limited,EQ,NSE,1,2
GILLETTE,Gillette India Limited,EQ,NSE,2,2
GINNIFILA,Ginni Filaments Limited,EQ,NSE,0,3
GIPCL,Gujarat Industries Power Company Limited,EQ,NSE,1,2
GKENERGY,GK Energy Limited,EQ,NSE,4,2
GKSL,Gujarat Kidney And Super Speciality Limited,EQ,NSE,4,3
GKWLIMITED,GKW Limited,EQ,NSE,2,2
GLAND,Gland Pharma Limited,EQ,NSE,0,0
GLAXO,GlaxoSmithKline Pharmaceuticals Limited,EQ,NSE,4,1
GLENMARK,Glenmark Pharmaceuticals Limited,EQ,NSE,2,2
GLFL,Gujarat Lease Financing Limited,BE,NSE,4,1
GLOBAL,Global Education Limited,EQ,NSE,1,2
GLOBALE,Globale Tessile Limited,BE,NSE,2,0
GLOBALVECT,Global Vectra Helicorp Limited,EQ,NSE,0,2
GLOBE,GLOBE ENTERPRISES (INDIA) LIMITED,EQ,NSE,4,3
GLOBECIVIL,Globe Civil Projects Limited,BE,NSE,3,3
GLOBUSSPR,Globus Spirits Limited,EQ,NSE,1,1
GLOSTERLTD,Gloster Limited,EQ,NSE,3,0
GLOTTIS,Glottis Limited,BE,NSE,2,0
GMBREW,GM Breweries Limited,EQ,NSE,2,2
GMDCLTD,Gujarat Mineral Development Corporation Limited,EQ,NSE,1,2
GMMPFAUDLR,GMM Pfaudler Limited,EQ,NSE,1,0
GMRAIRPORT,GMR AIRPORTS LIMITED,EQ,NSE,4,0
GMRP&UI,GMR Power and Urban Infra Limited,EQ,NSE,0,0
GNA,GNA Axles Limited,EQ,NSE,1,0
GNFC,Gujarat Narmada Valley Fertilizers and Chemicals Limited,EQ,NSE,4,1
GNRL,Gujarat Natural Resources Limited,EQ,NSE,4,0
GOACARBON,Goa Carbon Limited,EQ,NSE,1,1
GOCLCORP,GOCL Corporation Limited,EQ,NSE,4,2
GOCOLORS,Go Fashion (India) Limited,EQ,NSE,0,3
GODAVARIB,Godavari Biorefineries Limited,EQ,NSE,1,0
GODFRYPHLP,Godfrey Phillips India Limited,EQ,NSE,2,3
GODIGIT,Go Digit General Insurance Limited,EQ,NSE,3,2
GODREJAGRO,Godrej Agrovet Limited,EQ,NSE,3,1
GODREJCP,Godrej Consumer Products Limited,EQ,NSE,3,0
GODREJIND,Godrej Industries Limited,EQ,NSE,0,2
GODREJPROP,Godrej Properties Limited,EQ,NSE,4,1
GOKEX,Gokaldas Exports Limited,EQ,NSE,0,0
GOKUL,Gokul Refoils and Solvent Limited,EQ,NSE,2,1
GOKULAGRO,Gokul Agro Resources Limited,EQ,NSE,4,3
GOLDENTOBC,Golden Tobacco Limited,BZ,NSE,4,2
GOLDIAM,Goldiam International Limited,EQ,NSE,0,1
GOLDTECH,AION-TECH SOLUTIONS LIMITED,BE,NSE,1,0
GOODLUCK,Goodluck India Limited,EQ,NSE,1,1
GOODYEAR,Goodyear India Limited,EQ,NSE,0,2
GOPAL,Gopal Snacks Limited,EQ,NSE,1,2
GOYALALUM,Goyal Aluminiumiums Limited,EQ,NSE,1,2
GPIL,Godawari Power And Ispat limited,EQ,NSE,4,0
GPPL,Gujarat Pipavav Port Limited,EQ,NSE,3,1
GPTHEALTH,GPT Healthcare Limited,EQ,NSE,2,2
GPTINFRA,GPT Infraprojects Limited,EQ,NSE,1,1
GRADIENTE,Gradiente Infotainment Limited,EQ,NSE,4,1
GRANDOAK,Grand Oak Canyons Distillery Limited,EQ,NSE,3,0
GRANULES,Granules India Limited,EQ,NSE,2,2
GRAPHITE,Graphite India Limited,EQ,NSE,2,0
GRASIM,Grasim Industries Limited,EQ,NSE,0,3
GRAUWEIL,Grauer & Weil India Limited,EQ,NSE,1,2
GRAVISSHO,Graviss Hospitality Limited,EQ,NSE,0,2
GRAVITA,Gravita India Limited,EQ,NSE,4,1
GREAVESCOT,Greaves Cotton Limited,EQ,NSE,1,3
GREENLAM,Greenlam Industries Limited,EQ,NSE,2,0
GREENPANEL,Greenpanel Industries Limited,EQ,NSE,0,2
GREENPLY,Greenply Industries Limited,EQ,NSE,4,3
GREENPOWER,Orient Green Power Company Limited,EQ,NSE,3,0
GRINDWELL,Grindwell Norton Limited,EQ,NSE,1,2
GRINFRA,G R Infraprojects Limited,EQ,NSE,0,2
GRMOVER,GRM Overseas Limited,EQ,NSE,1,3
GROBTEA,The Grob Tea Company Limited,EQ,NSE,0,0
GROWW,Billionbrains Garage Ventures Limited,EQ,NSE,4,1
GRPLTD,GRP Limited,EQ,NSE,1,0
GRSE,Garden Reach Shipbuilders & Engineers Limited,EQ,NSE,2,3
GRWRHITECH,Garware Hi-Tech Films Limited,EQ,NSE,0,2
GSFC,Gujarat State Fertilizers & Chemicals Limited,EQ,NSE,3,0
GSLSU,Global Surfaces Limited,EQ,NSE,4,2
GSPCROP,GSP Crop Science Limited,EQ,NSE,2,1
GSS,GSS Infotech Limited,BE,NSE,4,0
GTECJAINX,G-TEC JAINX EDUCATION LIMITED,BE,NSE,0,0
GTL,GTL Limited,EQ,NSE,3,1
GTLINFRA,GTL Infrastructure Limited,EQ,NSE,4,2
GTPL,GTPL Hathway Limited,EQ,NSE,2,2
GUFICBIO,Gufic Biosciences Limited,EQ,NSE,3,0
GUJALKALI,Gujarat Alkalies and Chemicals Limited,EQ,NSE,1,2
GUJAPOLLO,Gujarat Apollo Industries Limited,EQ,NSE,3,1
GUJENERGY,GUJARAT ENERGY LIMITED,BE,NSE,4,0
GUJRAFFIA,Gujarat Raffia Industries Limited,EQ,NSE,4,2
GUJTHEM,Gujarat Themis Biosyn Limited,EQ,NSE,3,3
GULFOILLUB,Gulf Oil Lubricants India Limited,EQ,NSE,0,0
GULFPETRO,GP Petroleums Limited,BE,NSE,2,1
GULPOLY,Gulshan Polyols Limited,EQ,NSE,4,3
GVKPIL,GVK Power & Infrastructure Limited,BE,NSE,2,2
GVPIL,GE Power India Limited,EQ,NSE,3,2
GVPTECH,GVP Infotech Limited,EQ,NSE,2,0
GVT&D,GE Vernova T&D India Limited,EQ,NSE,1,3
HAL,Hindustan Aeronautics Limited,EQ,NSE,2,3
HALDER,Halder Venture Limited,EQ,NSE,3,2
HALDYNGL,Haldyn Glass Limited,BE,NSE,4,3
HALEOSLABS,HALEOS LABS LIMITED,EQ,NSE,4,3
HAPPSTMNDS,Happiest Minds Technologies Limited,EQ,NSE,4,0
HAPPYFORGE,Happy Forgings Limited,EQ,NSE,1,3
HARDWYN,Hardwyn India Limited,EQ,NSE,3,1
HARIOMPIPE,Hariom Pipe Industries Limited,EQ,NSE,2,0
HARRMALAYA,Harrisons Malayalam Limited,EQ,NSE,3,1
HARSHA,Harsha Engineers International Limited,EQ,NSE,0,1
HATHWAY,Hathway Cable & Datacom Limited,EQ,NSE,4,1
HATSUN,Hatsun Agro Product Limited,EQ,NSE,2,0
HAVELLS,Havells India Limited,EQ,NSE,3,0
HAVISHA,Sri Havisha Hospitality and Infrastructure Limited,EQ,NSE,4,0
HAWKINCOOK,Hawkins Cookers Limited,EQ,NSE,0,3
HBESD,HB Estate Developers Limited,EQ,NSE,1,1
HBLENGINE,HBL Engineering Limited,EQ,NSE,1,0
HBSL,HB Stockholdings Limited,BE,NSE,2,0
HCC,Hindustan Construction Company Limited,EQ,NSE,2,3
HCG,Healthcare Global Enterprises Limited,EQ,NSE,3,3
HCL-INSYS,HCL Infosystems Limited,EQ,NSE,3,1
HCLTECH,HCL Technologies Limited,EQ,NSE,3,2
HDBFS,HDB Financial Services Limited,EQ,NSE,2,0
HDFCAMC,HDFC Asset Management Company Limited,EQ,NSE,4,0
HDFCBANK,HDFC Bank Limited,EQ,NSE,2,2
HDFCLIFE,HDFC Life Insurance Company Limited,EQ,NSE,3,3
HDIL,Housing Development and Infrastructure Limited,BZ,NSE,2,2
HEADSUP,Heads UP Ventures Limited,EQ,NSE,0,3
HEALTHX,Health X Platform Limited,EQ,NSE,0,1
HECPROJECT,HEC Infra Projects Limited,EQ,NSE,1,1
HEG,HEG Limited,EQ,NSE,1,2
HEIDELBERG,HeidelbergCement India Limited,EQ,NSE,2,2
HEMIPROP,Hemisphere Properties India Limited,EQ,NSE,1,1
HERANBA,Heranba Industries Limited,EQ,NSE,4,1
HERITGFOOD,Heritage Foods Limited,EQ,NSE,0,2
HEROMOTOCO,Hero MotoCorp Limited,EQ,NSE,4,3
HESTERBIO,Hester Biosciences Limited,EQ,NSE,4,1
HEXAGON,Hexagon Nutrition Limited,EQ,NSE,0,0
HEXATRADEX,Hexa Tradex Limited,EQ,NSE,3,3
HEXAT,Hexaware Technologies Limited,EQ,NSE,4,3
HFCL,HFCL Limited,EQ,NSE,3,0
HGINFRA,H.G. Infra Engineering Limited,EQ,NSE,4,0
HGM,HandsOn Global Management (HGM) Limited,EQ,NSE,3,1
HGS,Hinduja Global Solutions Limited,EQ,NSE,3,1
HIKAL,Hikal Limited,EQ,NSE,3,3
HILINFRA,Highway Infrastructure Limited,BE,NSE,2,1
HILTON,Hilton Metal Forging Limited,BE,NSE,2,0
HIMATSEIDE,Himatsingka Seide Limited,EQ,NSE,1,0
HINDALCO,Hindalco Industries Limited,EQ,NSE,4,2
HINDCOMPOS,Hindustan Composites Limited,EQ,NSE,1,0
HINDCON,Hindcon Chemicals Limited,BE,NSE,1,1
HINDCOPPER,Hindustan Copper Limited,EQ,NSE,2,2
HINDOILEXP,Hindustan Oil Exploration Company Limited,EQ,NSE,3,1
HINDPETRO,Hindustan Petroleum Corporation Limited,EQ,NSE,3,0
HINDUNILVR,Hindustan Unilever Limited,EQ,NSE,4,0
HINDWAREAP,Hindware Home Innovation Limited,EQ,NSE,3,1
HINDZINC,Hindustan Zinc Limited,EQ,NSE,4,3
HIRECT,Hind Rectifiers Limited,EQ,NSE,0,3
HISARMETAL,Hisar Metal Industries Limited,EQ,NSE,3,2
HITECH,Hi-Tech Pipes Limited,EQ,NSE,2,1
HITECHCORP,Hitech Corporation Limited,BE,NSE,4,0
HITECHGEAR,The Hi-Tech Gears Limited,BE,NSE,0,1
HLEGLAS,HLE Glascoat Limited,EQ,NSE,0,3
HLVLTD,HLV LIMITED,EQ,NSE,1,3
HMAAGRO,HMA Agro Industries Limited,EQ,NSE,1,3
HMT,HMT Limited,BZ,NSE,0,3
HMVL,Hindustan Media Ventures Limited,EQ,NSE,1,3
HNDFDS,Hindustan Foods Limited,EQ,NSE,1,0
HOMEFIRST,Home First Finance Company India Limited,EQ,NSE,0,0
HONASA,Honasa Consumer Limited,EQ,NSE,1,2
HONAUT,Honeywell Automation India Limited,EQ,NSE,3,0
HONDAPOWER,Honda India Power Products Limited,EQ,NSE,4,3
HPAL,HP Adhesives Limited,EQ,NSE,0,2
HPIL,Hindprakash Industries Limited,EQ,NSE,3,0
HPL,HPL Electric & Power Limited,EQ,NSE,1,1
HSCL,Himadri Speciality Chemical Limited,EQ,NSE,4,1
HTMEDIA,HT Media Limited,EQ,NSE,2,1
HUBTOWN,Hubtown Limited,EQ,NSE,0,3
HUDCO,Housing & Urban Development Corporation Limited,EQ,NSE,1,3
HUHTAMAKI,Huhtamaki India Limited,EQ,NSE,0,2
HYBRIDFIN,Hybrid Financial Services Limited,BE,NSE,3,3
HYUNDAI,Hyundai Motor India Limited,EQ,NSE,4,3
IBULLSLTD,Indiabulls Limited,BE,NSE,2,2
ICDSLTD,ICDS Limited,EQ,NSE,4,1
ICEMAKE,Ice Make Refrigeration Limited,EQ,NSE,1,3
ICICIAMC,ICICI Prudential Asset Management Company Limited,EQ,NSE,0,2
ICICIBANK,ICICI Bank Limited,EQ,NSE,3,0
ICICIGI,ICICI Lombard General Insurance Company Limited,EQ,NSE,0,0
ICICIPRULI,ICICI Prudential Life Insurance Company Limited,EQ,NSE,4,1
ICIL,Indo Count Industries Limited,EQ,NSE,2,2
ICRA,ICRA Limited,EQ,NSE,4,0
IDBI,IDBI Bank Limited,EQ,NSE,2,0
IDEA,Vodafone Idea Limited,EQ,NSE,4,3
IDEAFORGE,Ideaforge Technology Limited,BE,NSE,1,1
IDFCFIRSTB,IDFC First Bank Limited,EQ,NSE,2,0
IEX,Indian Energy Exchange Limited,EQ,NSE,0,3
IFBAGRO,IFB Agro Industries Limited,BE,NSE,0,0
IFBIND,IFB Industries Limited,EQ,NSE,0,1
IFCI,IFCI Limited,EQ,NSE,3,1
IFGLEXPOR,IFGL Refractories Limited,EQ,NSE,4,3
IGARASHI,Igarashi Motors India Limited,EQ,NSE,3,0
IGCL,Indogulf Cropsciences Limited,EQ,NSE,2,2
IGIL,International Gemological Institute Limited,EQ,NSE,4,1
IGL,Indraprastha Gas Limited,EQ,NSE,3,3
IGPL,IG Petrochemicals Limited,EQ,NSE,3,0
IIFL,IIFL Finance Limited,EQ,NSE,2,0
IIFLCAPS,IIFL Capital Services Limited,EQ,NSE,4,1
IITL,Industrial Investment Trust Limited,EQ,NSE,3,0
IKIO,IKIO Technologies Limited,EQ,NSE,4,2
IKS,Inventurus Knowledge Solutions Limited,EQ,NSE,4,0
IL&FSENGG,IL&FS Engineering and Construction Company Limited,BZ,NSE,3,1
IL&FSTRANS,IL&FS Transportation Networks Limited,BZ,NSE,3,1
IMAGICAA,Imagicaaworld Entertainment Limited,EQ,NSE,0,0
IMFA,Indian Metals & Ferro Alloys Limited,EQ,NSE,2,0
IMPAL,India Motor Parts and Accessories Limited,EQ,NSE,2,0
INA,Insolation Energy Limited,EQ,NSE,1,1
INCREDIBLE,INCREDIBLE INDUSTRIES LIMITED,EQ,NSE,0,2
INDBANK,Indbank Merchant Banking Services Limited,EQ,NSE,0,1
INDGN,Indegene Limited,EQ,NSE,4,3
INDHOTEL,The Indian Hotels Company Limited,EQ,NSE,3,0
INDIACEM,The India Cements Limited,EQ,NSE,2,2
INDIAGLYCO,India Glycols Limited,EQ,NSE,0,0
INDIAMART,Indiamart Intermesh Limited,EQ,NSE,0,2
INDIANB,Indian Bank,EQ,NSE,4,1
INDIANCARD,Indian Card Clothing Company Limited,EQ,NSE,3,3
INDIANHUME,Indian Hume Pipe Company Limited,EQ,NSE,1,2
INDIASHLTR,India Shelter Finance Corporation Limited,EQ,NSE,0,0
INDIGO,InterGlobe Aviation Limited,EQ,NSE,2,1
INDIGOPNTS,Indigo Paints Limited,EQ,NSE,4,1
INDIQUBE,Indiqube Spaces Limited,EQ,NSE,0,2
INDNIPPON,India Nippon Electricals Limited,EQ,NSE,0,2
INDOAMIN,Indo Amines Limited,BE,NSE,3,1
INDOBORAX,Indo Borax & Chemicals Limited,EQ,NSE,3,1
INDOCO,Indoco Remedies Limited,EQ,NSE,3,0
INDOFARM,Indo Farm Equipment Limited,EQ,NSE,4,3
INDORAMA,Indo Rama Synthetics (India) Limited,EQ,NSE,2,0
INDOSTAR,IndoStar Capital Finance Limited,EQ,NSE,2,2
INDOTECH,Indo Tech Transformers Limited,BE,NSE,3,2
INDOTHAI,Indo Thai Securities Limited,EQ,NSE,3,1
INDOUS,Indo Us Biotech Limited,EQ,NSE,4,1
INDOWIND,Indowind Energy Limited,BE,NSE,1,2
INDPRUD,Industrial & Prudential Investment Company Limited,EQ,NSE,3,3
INDRAMEDCO,Indraprastha Medical Corporation Limited,EQ,NSE,1,2
INDSWFTLAB,Ind-Swift Laboratories Limited,EQ,NSE,2,3
INDTERRAIN,Indian Terrain Fashions Limited,EQ,NSE,4,0
INDUSINDBK,IndusInd Bank Limited,EQ,NSE,3,1
INDUSTOWER,Indus Towers Limited,EQ,NSE,2,3
INFOBEAN,InfoBeans Technologies Limited,EQ,NSE,1,1
INFOMEDIA,Infomedia Press Limited,EQ,NSE,4,0
INFY,Infosys Limited,EQ,NSE,0,1
INGERRAND,Ingersoll Rand (India) Limited,EQ,NSE,2,0
INNOVACAP,Innova Captab Limited,EQ,NSE,0,1
INNOVANA,Innovana Thinklabs Limited,EQ,NSE,3,2
INNOVISION,Innovision Limited,EQ,NSE,1,2
INOXGREEN,Inox Green Energy Services Limited,EQ,NSE,3,3
INOXINDIA,INOX India Limited,EQ,NSE,2,1
INOXWIND,Inox Wind Limited,EQ,NSE,2,2
INSECTICID,Insecticides (India) Limited,EQ,NSE,3,2
INSPIRISYS,Inspirisys Solutions Limited,BE,NSE,3,1
INTELLECT,Intellect Design Arena Limited,EQ,NSE,0,3
INTENTECH,Intense Technologies Limited,EQ,NSE,4,1
INTERARCH,Interarch Building Solutions Limited,EQ,NSE,1,2
INTLCONV,International Conveyors Limited,EQ,NSE,3,2
INVENTURE,Inventure Growth & Securities Limited,EQ,NSE,4,0
INVPRECQ,Investment & Precision Castings Limited,EQ,NSE,1,2
IOB,Indian Overseas Bank,EQ,NSE,4,1
IOC,Indian Oil Corporation Limited,EQ,NSE,4,0
IOLCP,IOL Chemicals and Pharmaceuticals Limited,EQ,NSE,2,0
IONEXCHANG,ION Exchange (India) Limited,EQ,NSE,2,1
IPCALAB,IPCA Laboratories Limited,EQ,NSE,4,1
IPL,India Pesticides Limited,EQ,NSE,3,2
IRB,IRB Infrastructure Developers Limited,EQ,NSE,2,3
IRCON,Ircon International Limited,EQ,NSE,0,0
IRCTC,Indian Railway Catering And Tourism Corporation Limited,EQ,NSE,2,0
IREDA,Indian Renewable Energy Development Agency Limited,EQ,NSE,2,3
IRFC,Indian Railway Finance Corporation Limited,EQ,NSE,2,3
IRIS,IRIS RegTech Solutions Limited,EQ,NSE,3,0
IRISDOREME,Iris Clothings Limited,EQ,NSE,2,3
IRMENERGY,IRM Energy Limited,EQ,NSE,0,2
ISFT,Intrasoft Technologies Limited,EQ,NSE,0,0
ISGEC,Isgec Heavy Engineering Limited,EQ,NSE,3,1
ISHANCH,Ishan Dyes and Chemicals Limited,EQ,NSE,2,1
ITC,ITC Limited,EQ,NSE,4,0
ITCHOTELS,ITC Hotels Limited,EQ,NSE,0,3
ITDC,India Tourism Development Corporation Limited,EQ,NSE,3,3
ITI,ITI Limited,EQ,NSE,3,2
IVALUE,Ivalue Infosolutions Limited,EQ,NSE,3,3
IVC,IL&FS Investment Managers Limited,EQ,NSE,1,1
IVP,IVP Limited,EQ,NSE,0,2
IWP,The Indian Wood Products Company Limited,EQ,NSE,0,1
IXIGO,Le Travenues Technology Limited,EQ,NSE,2,2
IZMO,IZMO Limited,EQ,NSE,4,3
J&KBANK,The Jammu & Kashmir Bank Limited,EQ,NSE,0,2
JAGRAN,Jagran Prakashan Limited,EQ,NSE,2,3
JAGSNPHARM,Jagsonpal Pharmaceuticals Limited,EQ,NSE,1,2
JAIBALAJI,Jai Balaji Industries Limited,BE,NSE,0,3
JAICORPLTD,Jai Corp Limited,EQ,NSE,2,1
JAINREC,Jain Resource Recycling Limited,EQ,NSE,4,1
JAIPURKURT,Nandani Creation Limited,EQ,NSE,1,1
JAMNAAUTO,Jamna Auto Industries Limited,EQ,NSE,3,1
JARO,Jaro Institute of Technology Management and Research Limited,EQ,NSE,4,0
JASH,Jash Engineering Limited,EQ,NSE,2,2
JAYAGROGN,Jayant Agro Organics Limited,EQ,NSE,2,0
JAYBARMARU,Jay Bharat Maruti Limited,EQ,NSE,1,3
JAYKAY,Jaykay Enterprises Limited,EQ,NSE,0,2
JAYNECOIND,Jayaswal Neco Industries Limited,EQ,NSE,1,3
JAYSREETEA,Jayshree Tea & Industries Limited,EQ,NSE,1,2
JBCHEPHARM,JB Chemicals & Pharmaceuticals Limited,EQ,NSE,0,2
JBMA,JBM Auto Limited,EQ,NSE,3,1
JETFREIGHT,Jet Freight Logistics Limited,EQ,NSE,1,2
JGCHEM,J.G.Chemicals Limited,EQ,NSE,1,0
JHS,JHS Svendgaard Laboratories Limited,EQ,NSE,2,2
JINDALPHOT,Jindal Photo Limited,EQ,NSE,4,0
JINDALPOLY,Jindal Poly Films Limited,EQ,NSE,2,2
JINDALSAW,Jindal Saw Limited,EQ,NSE,4,0
JINDALSTEL,JINDAL STEEL LIMITED,EQ,NSE,1,1
JINDRILL,Jindal Drilling And Industries Limited,EQ,NSE,0,0
JINDWORLD,Jindal Worldwide Limited,EQ,NSE,2,0
JIOFIN,Jio Financial Services Limited,EQ,NSE,0,1
JISLDVREQS,Jain Irrigation Systems Limited,EQ,NSE,0,3
JISLJALEQS,Jain Irrigation Systems Limited,EQ,NSE,3,2
JITFINFRA,JITF Infralogistics Limited,EQ,NSE,3,2
JKCEMENT,JK Cement Limited,EQ,NSE,4,3
JKIL,J.Kumar Infraprojects Limited,EQ,NSE,4,3
JKIPL,Jinkushal Industries Limited,BE,NSE,3,2
JKLAKSHMI,JK Lakshmi Cement Limited,EQ,NSE,1,1
JKPAPER,JK Paper Limited,EQ,NSE,1,3
JKTYRE,JK Tyre & Industries Limited,EQ,NSE,0,1
JLHL,Jupiter Life Line Hospitals Limited,EQ,NSE,2,2
JMA,Jullundur Motor Agency (Delhi) Limited,EQ,NSE,4,1
JMFINANCIL,JM Financial Limited,EQ,NSE,2,0
JNKINDIA,JNK India Limited,EQ,NSE,2,2
JOCIL,Jocil Limited,BE,NSE,2,3
JPOLYINVST,Jindal Poly Investment and Finance Company Limited,EQ,NSE,0,2
JPPOWER,Jaiprakash Power Ventures Limited,EQ,NSE,0,0
JSFB,Jana Small Finance Bank Limited,EQ,NSE,4,1
JSL,Jindal Stainless Limited,EQ,NSE,0,0
JSLL,Jeena Sikho Lifecare Limited,EQ,NSE,0,0
JSWCEMENT,JSW Cement Limited,EQ,NSE,1,2
JSWDULUX,JSW Dulux Limited,EQ,NSE,1,3
JSWENERGY,JSW Energy Limited,EQ,NSE,4,1
JSWHL,JSW Holdings Limited,EQ,NSE,3,3
JSWINFRA,JSW Infrastructure Limited,EQ,NSE,3,3
JSWSTEEL,JSW Steel Limited,EQ,NSE,4,0
JTEKTINDIA,Jtekt India Limited,EQ,NSE,1,0
JTLIND,JTL INDUSTRIES LIMITED,EQ,NSE,3,3
JUBLCPL,Jubilant Agri and Consumer Products Limited,EQ,NSE,2,2
JUBLFOOD,Jubilant Foodworks Limited,EQ,NSE,1,0
JUBLINGREA,Jubilant Ingrevia Limited,EQ,NSE,1,2
JUBLPHARMA,Jubilant Pharmova Limited,EQ,NSE,4,2
JUNIPER,Juniper Hotels Limited,EQ,NSE,3,2
JUSTDIAL,Just Dial Limited,EQ,NSE,0,1
JWL,Jupiter Wagons Limited,EQ,NSE,3,1
JYOTHYLAB,Jyothy Labs Limited,EQ,NSE,3,0
JYOTICNC,Jyoti CNC Automation Limited,EQ,NSE,2,2
JYOTISTRUC,Jyoti Structures Limited,EQ,NSE,4,3
KABRAEXTRU,Kabra Extrusion Technik Limited,EQ,NSE,0,3
KAJARIACER,Kajaria Ceramics Limited,EQ,NSE,1,3
KAKATCEM,Kakatiya Cement Sugar & Industries Limited,BE,NSE,1,3
KALAMANDIR,Sai Silks (Kalamandir) Limited,EQ,NSE,1,1
KALPATARU,Kalpataru Limited,EQ,NSE,2,3
KALYANI,Kalyani Commercials Limited,BE,NSE,2,1
KALYANIFRG,Kalyani Forge Limited,EQ,NSE,3,3
KALYANKJIL,Kalyan Jewellers India Limited,EQ,NSE,3,3
KAMAHOLD,Kama Holdings Limited,EQ,NSE,3,0
KAMATHOTEL,Kamat Hotels (I) Limited,EQ,NSE,3,0
KAMDHENU,Kamdhenu Limited,BE,NSE,2,3
KAMOPAINTS,Kamdhenu Ventures Limited,EQ,NSE,1,0
KANANIIND,Kanani Industries Limited,EQ,NSE,1,0
KANCHI,Kanchi Karpooram Limited,BE,NSE,0,2
KANORICHEM,Kanoria Chemicals & Industries Limited,BE,NSE,2,2
KANPRPLA,Kanpur Plastipack Limited,EQ,NSE,1,2
KANSAINER,Kansai Nerolac Paints Limited,EQ,NSE,3,1
KAPSTON,Kapston Services Limited,EQ,NSE,2,2
KARMAENG,Karma Energy Limited,EQ,NSE,3,3
KARURVYSYA,Karur Vysya Bank Limited,EQ,NSE,4,3
KAUSHALYA,Kaushalya Infrastructure Development Corporation Limited,EQ,NSE,0,1
KAVDEFENCE,Kavveri Defence & Wireless Technologies Limited,EQ,NSE,4,1
KAYA,Kaya Limited,EQ,NSE,1,2
KAYNES,Kaynes Technology India Limited,EQ,NSE,3,2
KCP,KCP Limited,EQ,NSE,1,0
KCPSUGIND,KCP Sugar and Industries Corporation Limited,EQ,NSE,3,1
KDDL,KDDL Limited,EQ,NSE,2,0
KEC,KEC International Limited,EQ,NSE,0,0
KECL,Kirloskar Electric Company Limited,BE,NSE,4,0
KEEPLEARN,DSJ Keep Learning Limited,EQ,NSE,2,1
KEI,KEI Industries Limited,EQ,NSE,1,1
KELLTONTEC,Kellton Tech Solutions Limited,EQ,NSE,2,3
KENNAMET,Kennametal India Limited,EQ,NSE,4,2
KERNEX,Kernex Microsystems (India) Limited,EQ,NSE,1,3
KESORAMIND,Kesoram Industries Limited,BE,NSE,0,2
KEYFINSERV,Keynote Financial Services Limited,EQ,NSE,3,2
KFINTECH,Kfin Technologies Limited,EQ,NSE,1,1
KHADIM,Khadim India Limited,BE,NSE,3,3
KHAICHEM,Khaitan Chemicals & Fertilizers Limited,BE,NSE,3,1
KHAITANLTD,Khaitan (India) Limited,BE,NSE,2,3
KHANDSE,Khandwala Securities Limited,EQ,NSE,0,2
KICL,Kalyani Investment Company Limited,EQ,NSE,0,2
KILITCH,Kilitch Drugs (India) Limited,BE,NSE,4,1
KIMS,Krishna Institute of Medical Sciences Limited,EQ,NSE,4,0
KINGFA,Kingfa Science & Technology (India) Limited,EQ,NSE,3,3
KIOCL,KIOCL Limited,EQ,NSE,4,1
KIRANVYPAR,Kiran Vyapar Limited,EQ,NSE,0,2
KIRIINDUS,Kiri Industries Limited,EQ,NSE,3,1
KIRLFER,Kirloskar Ferrous Industries Limited,EQ,NSE,2,1
KIRLOSBROS,Kirloskar Brothers Limited,EQ,NSE,4,1
KIRLOSENG,Kirloskar Oil Engines Limited,EQ,NSE,2,2
KIRLOSIND,Kirloskar Industries Limited,EQ,NSE,2,2
KIRLPNU,Kirloskar Pneumatic Company Limited,EQ,NSE,2,2
KISSHT,OnEMI Technology Solutions Limited,EQ,NSE,4,1
KITEX,Kitex Garments Limited,EQ,NSE,0,3
KKCL,Kewal Kiran Clothing Limited,EQ,NSE,1,0
KLBRENG-B,Kilburn Engineering Limited,EQ,NSE,1,0
KMEW,Knowledge Marine & Engineering Works Limited,EQ,NSE,0,0
KMSUGAR,K.M.Sugar Mills Limited,EQ,NSE,0,0
KNAGRI,KN Agri Resources Limited,EQ,NSE,3,3
KNRCON,KNR Constructions Limited,EQ,NSE,3,0
KOHINOOR,Kohinoor Foods Limited,EQ,NSE,4,3
KOKUYOCMLN,Kokuyo Camlin Limited,EQ,NSE,1,3
KOLTEPATIL,Kolte - Patil Developers Limited,EQ,NSE,0,2
KOPRAN,Kopran Limited,BE,NSE,2,3
KOTAKBANK,Kotak Mahindra Bank Limited,EQ,NSE,0,1
KOTARISUG,Kothari Sugars And Chemicals Limited,EQ,NSE,0,3
KOTHARIPET,Kothari Petrochemicals Limited,EQ,NSE,0,1
KOTHARIPRO,Kothari Products Limited,EQ,NSE,3,3
KOTIC,Kothari Industrial Corporation Limited,EQ,NSE,3,0
KOTYARK,Kotyark Industries Limited,BE,NSE,1,1
KOVAI,Kovai Medical Center & Hospital Limited,EQ,NSE,2,0
KPEL,K.P. Energy Limited,EQ,NSE,4,2
KPIGREEN,KPI Green Energy Limited,EQ,NSE,0,3
KPIL,Kalpataru Projects International Limited,EQ,NSE,4,1
KPITTECH,KPIT Technologies Limited,EQ,NSE,2,1
KPL,Kwality Pharmaceuticals Limited,EQ,NSE,0,3
KPRMILL,K.P.R. Mill Limited,EQ,NSE,4,2
KRBL,KRBL Limited,EQ,NSE,2,0
KREBSBIO,Krebs Biochemicals and Industries Limited,EQ,NSE,2,1
KRIDHANINF,Kridhan Infra Limited,BE,NSE,4,0
KRISHANA,Krishana Phoschem Limited,EQ,NSE,3,0
KRISHIVAL,Krishival Foods Limited,EQ,NSE,3,0
KRISHNADEF,Krishna Defence And Allied Industries Limited,EQ,NSE,2,0
KRITI,Kriti Industries (India) Limited,BE,NSE,4,1
KRITIKA,Kritika Wires Limited,EQ,NSE,1,1
KRITINUT,Kriti Nutrients Limited,BE,NSE,1,1
KRN,KRN Heat Exchanger and Refrigeration Limited,BE,NSE,2,1
KRONOX,Kronox Lab Sciences Limited,EQ,NSE,4,2
KROSS,Kross Limited,EQ,NSE,1,0
KRSNAA,Krsnaa Diagnostics Limited,EQ,NSE,4,2
KRYSTAL,Krystal Integrated Services Limited,EQ,NSE,4,0
KSB,Ksb Limited,EQ,NSE,2,1
KSCL,Kaveri Seed Company Limited,EQ,NSE,2,1
KSHINTL,KSH International Limited,EQ,NSE,2,1
KSHITIJPOL,Kshitij Polyline Limited,BE,NSE,3,2
KSL,Kalyani Steels Limited,EQ,NSE,0,1
KSOLVES,Ksolves India Limited,EQ,NSE,3,2
KSR,KSR Footwear Limited,EQ,NSE,0,1
KTKBANK,The Karnataka Bank Limited,EQ,NSE,1,3
KUANTUM,Kuantum Papers Limited,EQ,NSE,2,2
KWIL,Kwality Wall's (India) Limited,EQ,NSE,3,0
